{"cameraMode":{"drawMode":0,"name":"Shaded","section":"Shading Mode"},"sceneLighting":true,"audioPlay":false,"sceneViewState":{"showFog":true,"showMaterialUpdate":false,"showSkybox":true,"showFlares":true,"showImageEffects":true,"showParticleSystems":true},"in2DMode":false,"pivot":{"x":79.74845123291016,"y":2.9164538383483888,"z":-1.3864976167678834},"rotation":{"x":0.42843225598335268,"y":0.4755251109600067,"z":-0.2856520712375641,"w":0.7133103609085083},"size":22.0,"orthographic":false}