{"cameraMode":{"drawMode":0,"name":"Shaded","section":"Shading Mode"},"sceneLighting":false,"audioPlay":false,"sceneViewState":{"showFog":true,"showMaterialUpdate":false,"showSkybox":false,"showFlares":true,"showImageEffects":true,"showParticleSystems":true},"in2DMode":false,"pivot":{"x":160.57077026367188,"y":136.3165283203125,"z":-0.276763916015625},"rotation":{"x":-0.001194165786728263,"y":0.00031270322506316006,"z":-0.00007976039341883734,"w":1.0000436305999756},"size":251.96029663085938,"orthographic":false}